,learning_rate,weight_decay,batch_size,hidden_size,validation loss,rewards,test_loss
0,0.00030000000000000003,1e-05,512,14,2.7556070685386658,2.756929636001587,-2.7556070685386658
