,learning_rate,weight_decay,batch_size,hidden_size,validation loss,rewards,test_loss
0,0.01,3.0000000000000004e-05,8,20,0.14767469819635154,"[-0.8499358296394348, -0.40945477671921254, -0.14767469819635154]",0.1481469783000648
