,learning_rate,weight_decay,batch_size,hidden_size,validation loss,test_loss,rewards
0,0.03,0.00030000000000000003,4096,14,0.15320507436990738,0.16146883368492126,"[-2.301199475924174, -0.15320507436990738]"
